no,name,date,time1,time2,body
1,l9UMp1WAQ,2008-07-20,23:33:21,.27,"風呂いっぱいに湯張って頭まで浸かってみろｗｗｗｗｗｗｗｗｗｗ










あふれたお湯がフロ（風呂）ーするぞｗｗｗｗｗｗｗｗｗｗｗｗｗｗｗｗｗｗｗｗｗｗｗｗｗｗｗｗｗｗｗｗｗｗ"
2,4m3S4NiWo,2008-07-20,23:34:45,.65,は？
3,DEfVZi1JO,2008-07-20,23:35:43,.32,半年ROMってろカス
4,WGW0tYGOQ,2008-07-20,23:36:01,.16,3連休の中日なのにいやな気持になったわ
5,1ErhqiSy0,2008-07-20,23:36:55,.74,>>4半年優しくて草
6,wENiYz3fQ,2008-07-21,3:33:33,.30,怪しげな画像が貼られる
7,YSNLT1ywo,2008-07-21,3:33:35,.36,ご苦労様です
8,OwsAUQCFQ,2008-07-21,3:36:31,.27,なんでそんななの？
9,NDzgi04T0,2008-07-21,3:36:47,.52,許せない
10,arwvUV5VQ,2008-07-21,3:37:03,.58,二度と顔みせんな
11,VKzoomYL0,2008-07-21,3:37:19,.98,全員嫌い
12,PnSQ323iO,2008-07-21,3:37:35,.22,許すな
13,gZljSV7Ro,2008-07-21,3:37:51,.33,飯食うな
14,Tw1op6PzQ,2008-07-21,3:38:07,.74,もう来世では生まれてくるなよ
15,zdl9OKeqQ,2008-07-21,3:38:23,.53,こんな無能が仕事してる会社は終わり
16,qQOH2JfCO,2008-07-21,3:38:39,.21,おまえみたいなのがいるから世の中腐ってくんだろうな
17,MOJwYuCXQ,2008-07-21,3:38:55,.44,あんたの存在価値って何？
18,3600cFVPQ,2008-07-21,3:39:11,.79,あーーーーーーーーーーーーー
19,q2jJvjwg0,2008-07-21,3:39:27,.45,お前らさああああああああああ
20,tW5cjKtdo,2008-07-21,3:39:43,.96,無能
21,7tY3HBRZo,2008-07-21,3:39:59,.60,無能
22,FzX7Q6alo,2008-07-21,3:40:15,.25,無能
23,PqcBOfsI0,2008-07-21,3:40:31,.85,無能
24,Vs3B4ZAS0,2008-07-21,3:40:47,.72,包丁なかったっけ
25,xEhlbIFx0,2008-07-21,3:41:03,.16,しねしねしねしねしねしね
26,By55MOE0Q,2008-07-21,3:41:19,.95,頃す
27,wKuGmEyXO,2008-07-21,3:41:35,.23,何が楽しくて生きてんだ？
28,KDlTMRKu0,2008-07-21,3:41:51,.54,埃でも食っとけよ
29,1WRfrirCO,2008-07-21,3:42:07,.37,家燃やすぞ
30,g7CYuaavO,2008-07-21,3:42:23,.47,風呂入れよ、雑巾
31,AF6cArZ7o,2008-07-21,3:42:39,.98,親が無能
32,90Ev56zbo,2008-07-21,3:42:55,.32,ﾀﾋね
33,Lp3EygBE0,2008-07-21,3:43:11,.29,一生一人でやってろや
34,ghgOZ2VYO,2008-07-21,3:43:27,.30,許さないからな
35,uraOxyxTO,2008-07-21,3:43:43,.27,天国や地獄に行けると思うな
36,0wVePOlCQ,2008-07-21,3:43:59,.96,虫以下
37,SEL8ZX8zO,2008-07-21,3:44:15,.32,ゴキブリ
38,BN3dAlq1O,2008-07-21,3:44:31,.84,首吊っとけ
39,xu56PvSk0,2008-07-21,3:44:47,.99,死ねよ
40,tXLsrMzFO,2008-07-21,3:45:03,.46,何で生きてんの？
41,sTe7pdujO,2008-07-21,3:45:19,.59,ごみごみごみごみごみごみごみ
42,U8jdI3F0o,2008-07-21,3:45:35,.34,許さないからな
43,qdU621YV0,2008-07-21,3:45:51,.29,あdsrvっsだあああああああああ？W>D?W???
44,1x0DvVOh0,2008-07-21,3:46:07,.41,は？は？は？は？はは？は？？？？？？？？？
45,NrW2nFDsQ,2008-07-21,3:46:23,.97,爪でも噛んどけ
46,0ISljius0,2008-07-21,3:46:39,.35,息すんなよ
47,85Ph82VQ0,2008-07-21,3:46:55,.54,許さないからな
48,zOFYBbGxo,2008-07-21,3:47:11,.49,聞く価値ねぇわ
49,TtPTIntbo,2008-07-21,3:47:27,.22,埃食ってろよ
50,TtPTIntbo,2008-07-21,3:47:27,.22,
51,TtPTIntbo,2008-07-21,3:47:27,.22,
52,TtPTIntbo,2008-07-21,3:47:27,.22,
53,TtPTIntbo,2008-07-21,3:47:27,.22,
54,TtPTIntbo,2008-07-21,3:47:27,.22,
55,TtPTIntbo,2008-07-21,3:47:27,.22,
56,TtPTIntbo,2008-07-21,3:47:27,.22,
57,TtPTIntbo,2008-07-21,3:47:27,.22,
58,TtPTIntbo,2008-07-21,3:47:27,.22,
59,TtPTIntbo,2008-07-21,3:47:27,.22,
60,TtPTIntbo,2008-07-21,3:47:27,.22,
61,TtPTIntbo,2008-07-21,3:47:27,.22,
62,TtPTIntbo,2008-07-21,3:47:27,.22,
63,TtPTIntbo,2008-07-21,3:47:27,.22,
64,TtPTIntbo,2008-07-21,3:47:27,.22,
65,TtPTIntbo,2008-07-21,3:47:27,.22,
66,TtPTIntbo,2008-07-21,3:47:27,.22,
67,TtPTIntbo,2008-07-21,3:47:27,.22,
68,TtPTIntbo,2008-07-21,3:47:27,.22,
69,TtPTIntbo,2008-07-21,3:47:27,.22,
70,TtPTIntbo,2008-07-21,3:47:27,.22,
71,TtPTIntbo,2008-07-21,3:47:27,.22,
72,TtPTIntbo,2008-07-21,3:47:27,.22,
73,TtPTIntbo,2008-07-21,3:47:27,.22,
74,TtPTIntbo,2008-07-21,3:47:27,.22,
75,TtPTIntbo,2008-07-21,3:47:27,.22,
76,TtPTIntbo,2008-07-21,3:47:27,.22,
77,TtPTIntbo,2008-07-21,3:47:27,.22,
78,TtPTIntbo,2008-07-21,3:47:27,.22,
79,TtPTIntbo,2008-07-21,3:47:27,.22,
80,TtPTIntbo,2008-07-21,3:47:27,.22,
81,TtPTIntbo,2008-07-21,3:47:27,.22,
82,TtPTIntbo,2008-07-21,3:47:27,.22,
83,TtPTIntbo,2008-07-21,3:47:27,.22,
84,TtPTIntbo,2008-07-21,3:47:27,.22,
85,TtPTIntbo,2008-07-21,3:47:27,.22,
86,TtPTIntbo,2008-07-21,3:47:27,.22,
87,TtPTIntbo,2008-07-21,3:47:27,.22,
88,TtPTIntbo,2008-07-21,3:47:27,.22,
89,TtPTIntbo,2008-07-21,3:47:27,.22,
90,TtPTIntbo,2008-07-21,3:47:27,.22,
91,TtPTIntbo,2008-07-21,3:47:27,.22,
92,TtPTIntbo,2008-07-21,3:47:27,.22,
93,TtPTIntbo,2008-07-21,3:47:27,.22,
94,TtPTIntbo,2008-07-21,3:47:27,.22,
95,TtPTIntbo,2008-07-21,3:47:27,.22,
96,TtPTIntbo,2008-07-21,3:47:27,.22,
97,TtPTIntbo,2008-07-21,3:47:27,.22,
98,TtPTIntbo,2008-07-21,3:47:27,.22,
99,TtPTIntbo,2008-07-21,3:47:27,.22,
100,TtPTIntbo,2008-07-21,3:47:27,.22,
101,TtPTIntbo,2008-07-21,3:47:27,.22,
102,TtPTIntbo,2008-07-21,3:47:27,.22,
103,TtPTIntbo,2008-07-21,3:47:27,.22,
104,TtPTIntbo,2008-07-21,3:47:27,.22,
105,TtPTIntbo,2008-07-21,3:47:27,.22,
106,TtPTIntbo,2008-07-21,3:47:27,.22,
107,TtPTIntbo,2008-07-21,3:47:27,.22,
108,TtPTIntbo,2008-07-21,3:47:27,.22,
109,TtPTIntbo,2008-07-21,3:47:27,.22,
110,TtPTIntbo,2008-07-21,3:47:27,.22,
111,TtPTIntbo,2008-07-21,3:47:27,.22,
112,TtPTIntbo,2008-07-21,3:47:27,.22,
113,TtPTIntbo,2008-07-21,3:47:27,.22,
114,TtPTIntbo,2008-07-21,3:47:27,.22,
115,TtPTIntbo,2008-07-21,3:47:27,.22,
116,TtPTIntbo,2008-07-21,3:47:27,.22,
117,TtPTIntbo,2008-07-21,3:47:27,.22,
118,TtPTIntbo,2008-07-21,3:47:27,.22,
119,TtPTIntbo,2008-07-21,3:47:27,.22,
120,TtPTIntbo,2008-07-21,3:47:27,.22,
121,TtPTIntbo,2008-07-21,3:47:27,.22,
122,TtPTIntbo,2008-07-21,3:47:27,.22,
123,TtPTIntbo,2008-07-21,3:47:27,.22,
124,TtPTIntbo,2008-07-21,3:47:27,.22,
125,TtPTIntbo,2008-07-21,3:47:27,.22,
126,TtPTIntbo,2008-07-21,3:47:27,.22,
127,TtPTIntbo,2008-07-21,3:47:27,.22,
128,TtPTIntbo,2008-07-21,3:47:27,.22,
129,TtPTIntbo,2008-07-21,3:47:27,.22,
130,TtPTIntbo,2008-07-21,3:47:27,.22,
131,TtPTIntbo,2008-07-21,3:47:27,.22,
132,TtPTIntbo,2008-07-21,3:47:27,.22,
133,TtPTIntbo,2008-07-21,3:47:27,.22,
134,TtPTIntbo,2008-07-21,3:47:27,.22,
135,TtPTIntbo,2008-07-21,3:47:27,.22,
136,TtPTIntbo,2008-07-21,3:47:27,.22,
137,TtPTIntbo,2008-07-21,3:47:27,.22,
138,TtPTIntbo,2008-07-21,3:47:27,.22,
139,TtPTIntbo,2008-07-21,3:47:27,.22,
140,TtPTIntbo,2008-07-21,3:47:27,.22,
141,TtPTIntbo,2008-07-21,3:47:27,.22,
142,TtPTIntbo,2008-07-21,3:47:27,.22,
143,TtPTIntbo,2008-07-21,3:47:27,.22,
144,TtPTIntbo,2008-07-21,3:47:27,.22,
145,TtPTIntbo,2008-07-21,3:47:27,.22,
146,TtPTIntbo,2008-07-21,3:47:27,.22,
147,TtPTIntbo,2008-07-21,3:47:27,.22,
148,TtPTIntbo,2008-07-21,3:47:27,.22,
149,TtPTIntbo,2008-07-21,3:47:27,.22,
150,TtPTIntbo,2008-07-21,3:47:27,.22,
151,TtPTIntbo,2008-07-21,3:47:27,.22,
152,TtPTIntbo,2008-07-21,3:47:27,.22,
153,TtPTIntbo,2008-07-21,3:47:27,.22,
154,TtPTIntbo,2008-07-21,3:47:27,.22,
155,TtPTIntbo,2008-07-21,3:47:27,.22,
156,TtPTIntbo,2008-07-21,3:47:27,.22,
157,TtPTIntbo,2008-07-21,3:47:27,.22,
158,TtPTIntbo,2008-07-21,3:47:27,.22,
159,TtPTIntbo,2008-07-21,3:47:27,.22,
160,TtPTIntbo,2008-07-21,3:47:27,.22,
161,TtPTIntbo,2008-07-21,3:47:27,.22,
162,TtPTIntbo,2008-07-21,3:47:27,.22,
163,TtPTIntbo,2008-07-21,3:47:27,.22,
164,TtPTIntbo,2008-07-21,3:47:27,.22,
165,TtPTIntbo,2008-07-21,3:47:27,.22,
166,TtPTIntbo,2008-07-21,3:47:27,.22,
167,TtPTIntbo,2008-07-21,3:47:27,.22,
168,TtPTIntbo,2008-07-21,3:47:27,.22,
169,TtPTIntbo,2008-07-21,3:47:27,.22,
170,TtPTIntbo,2008-07-21,3:47:27,.22,
171,TtPTIntbo,2008-07-21,3:47:27,.22,
172,TtPTIntbo,2008-07-21,3:47:27,.22,
173,TtPTIntbo,2008-07-21,3:47:27,.22,
174,TtPTIntbo,2008-07-21,3:47:27,.22,
175,TtPTIntbo,2008-07-21,3:47:27,.22,
176,TtPTIntbo,2008-07-21,3:47:27,.22,
177,TtPTIntbo,2008-07-21,3:47:27,.22,
178,TtPTIntbo,2008-07-21,3:47:27,.22,
179,TtPTIntbo,2008-07-21,3:47:27,.22,
180,TtPTIntbo,2008-07-21,3:47:27,.22,
181,TtPTIntbo,2008-07-21,3:47:27,.22,
182,TtPTIntbo,2008-07-21,3:47:27,.22,
183,TtPTIntbo,2008-07-21,3:47:27,.22,
184,TtPTIntbo,2008-07-21,3:47:27,.22,
185,TtPTIntbo,2008-07-21,3:47:27,.22,
186,TtPTIntbo,2008-07-21,3:47:27,.22,
187,TtPTIntbo,2008-07-21,3:47:27,.22,
188,TtPTIntbo,2008-07-21,3:47:27,.22,
189,TtPTIntbo,2008-07-21,3:47:27,.22,
190,TtPTIntbo,2008-07-21,3:47:27,.22,
191,TtPTIntbo,2008-07-21,3:47:27,.22,
192,TtPTIntbo,2008-07-21,3:47:27,.22,
193,TtPTIntbo,2008-07-21,3:47:27,.22,
194,TtPTIntbo,2008-07-21,3:47:27,.22,
195,TtPTIntbo,2008-07-21,3:47:27,.22,
196,TtPTIntbo,2008-07-21,3:47:27,.22,
197,TtPTIntbo,2008-07-21,3:47:27,.22,
198,TtPTIntbo,2008-07-21,3:47:27,.22,
199,TtPTIntbo,2008-07-21,3:47:27,.22,
200,TtPTIntbo,2008-07-21,3:47:27,.22,
201,TtPTIntbo,2008-07-21,3:47:27,.22,
202,TtPTIntbo,2008-07-21,3:47:27,.22,
203,TtPTIntbo,2008-07-21,3:47:27,.22,
204,TtPTIntbo,2008-07-21,3:47:27,.22,
205,TtPTIntbo,2008-07-21,3:47:27,.22,
206,TtPTIntbo,2008-07-21,3:47:27,.22,
207,TtPTIntbo,2008-07-21,3:47:27,.22,
208,TtPTIntbo,2008-07-21,3:47:27,.22,
209,TtPTIntbo,2008-07-21,3:47:27,.22,
210,TtPTIntbo,2008-07-21,3:47:27,.22,
211,TtPTIntbo,2008-07-21,3:47:27,.22,
212,TtPTIntbo,2008-07-21,3:47:27,.22,
213,TtPTIntbo,2008-07-21,3:47:27,.22,
214,TtPTIntbo,2008-07-21,3:47:27,.22,
215,TtPTIntbo,2008-07-21,3:47:27,.22,
216,TtPTIntbo,2008-07-21,3:47:27,.22,
217,TtPTIntbo,2008-07-21,3:47:27,.22,
218,TtPTIntbo,2008-07-21,3:47:27,.22,
219,TtPTIntbo,2008-07-21,3:47:27,.22,
220,TtPTIntbo,2008-07-21,3:47:27,.22,
221,TtPTIntbo,2008-07-21,3:47:27,.22,
222,TtPTIntbo,2008-07-21,3:47:27,.22,
223,TtPTIntbo,2008-07-21,3:47:27,.22,
224,TtPTIntbo,2008-07-21,3:47:27,.22,
225,TtPTIntbo,2008-07-21,3:47:27,.22,
226,TtPTIntbo,2008-07-21,3:47:27,.22,
227,TtPTIntbo,2008-07-21,3:47:27,.22,
228,TtPTIntbo,2008-07-21,3:47:27,.22,
229,TtPTIntbo,2008-07-21,3:47:27,.22,
230,TtPTIntbo,2008-07-21,3:47:27,.22,
231,TtPTIntbo,2008-07-21,3:47:27,.22,
232,TtPTIntbo,2008-07-21,3:47:27,.22,
233,TtPTIntbo,2008-07-21,3:47:27,.22,
234,TtPTIntbo,2008-07-21,3:47:27,.22,
235,TtPTIntbo,2008-07-21,3:47:27,.22,
236,TtPTIntbo,2008-07-21,3:47:27,.22,
237,TtPTIntbo,2008-07-21,3:47:27,.22,
238,TtPTIntbo,2008-07-21,3:47:27,.22,
239,TtPTIntbo,2008-07-21,3:47:27,.22,
240,TtPTIntbo,2008-07-21,3:47:27,.22,
241,TtPTIntbo,2008-07-21,3:47:27,.22,
242,TtPTIntbo,2008-07-21,3:47:27,.22,
243,TtPTIntbo,2008-07-21,3:47:27,.22,
244,TtPTIntbo,2008-07-21,3:47:27,.22,
245,TtPTIntbo,2008-07-21,3:47:27,.22,
246,TtPTIntbo,2008-07-21,3:47:27,.22,
247,TtPTIntbo,2008-07-21,3:47:27,.22,
248,TtPTIntbo,2008-07-21,3:47:27,.22,
249,TtPTIntbo,2008-07-21,3:47:27,.22,
250,TtPTIntbo,2008-07-21,3:47:27,.22,
251,TtPTIntbo,2008-07-21,3:47:27,.22,
252,TtPTIntbo,2008-07-21,3:47:27,.22,
253,TtPTIntbo,2008-07-21,3:47:27,.22,
254,TtPTIntbo,2008-07-21,3:47:27,.22,
255,TtPTIntbo,2008-07-21,3:47:27,.22,
256,TtPTIntbo,2008-07-21,3:47:27,.22,
257,TtPTIntbo,2008-07-21,3:47:27,.22,
258,TtPTIntbo,2008-07-21,3:47:27,.22,
259,TtPTIntbo,2008-07-21,3:47:27,.22,
260,TtPTIntbo,2008-07-21,3:47:27,.22,
261,TtPTIntbo,2008-07-21,3:47:27,.22,
262,TtPTIntbo,2008-07-21,3:47:27,.22,
263,TtPTIntbo,2008-07-21,3:47:27,.22,
264,TtPTIntbo,2008-07-21,3:47:27,.22,
265,TtPTIntbo,2008-07-21,3:47:27,.22,
266,TtPTIntbo,2008-07-21,3:47:27,.22,
267,TtPTIntbo,2008-07-21,3:47:27,.22,
268,TtPTIntbo,2008-07-21,3:47:27,.22,
269,TtPTIntbo,2008-07-21,3:47:27,.22,
270,TtPTIntbo,2008-07-21,3:47:27,.22,
271,TtPTIntbo,2008-07-21,3:47:27,.22,
272,TtPTIntbo,2008-07-21,3:47:27,.22,
273,TtPTIntbo,2008-07-21,3:47:27,.22,
274,TtPTIntbo,2008-07-21,3:47:27,.22,
275,TtPTIntbo,2008-07-21,3:47:27,.22,
276,TtPTIntbo,2008-07-21,3:47:27,.22,
277,TtPTIntbo,2008-07-21,3:47:27,.22,
278,TtPTIntbo,2008-07-21,3:47:27,.22,
279,TtPTIntbo,2008-07-21,3:47:27,.22,
280,TtPTIntbo,2008-07-21,3:47:27,.22,
281,TtPTIntbo,2008-07-21,3:47:27,.22,
282,TtPTIntbo,2008-07-21,3:47:27,.22,
283,TtPTIntbo,2008-07-21,3:47:27,.22,
284,TtPTIntbo,2008-07-21,3:47:27,.22,
285,TtPTIntbo,2008-07-21,3:47:27,.22,
286,TtPTIntbo,2008-07-21,3:47:27,.22,
287,TtPTIntbo,2008-07-21,3:47:27,.22,
288,TtPTIntbo,2008-07-21,3:47:27,.22,
289,TtPTIntbo,2008-07-21,3:47:27,.22,
290,TtPTIntbo,2008-07-21,3:47:27,.22,
291,TtPTIntbo,2008-07-21,3:47:27,.22,
292,TtPTIntbo,2008-07-21,3:47:27,.22,
293,TtPTIntbo,2008-07-21,3:47:27,.22,
294,TtPTIntbo,2008-07-21,3:47:27,.22,
295,TtPTIntbo,2008-07-21,3:47:27,.22,
296,TtPTIntbo,2008-07-21,3:47:27,.22,
297,TtPTIntbo,2008-07-21,3:47:27,.22,
298,TtPTIntbo,2008-07-21,3:47:27,.22,
299,TtPTIntbo,2008-07-21,3:47:27,.22,
300,TtPTIntbo,2008-07-21,3:47:27,.22,
301,TtPTIntbo,2008-07-21,3:47:27,.22,
302,TtPTIntbo,2008-07-21,3:47:27,.22,
303,TtPTIntbo,2008-07-21,3:47:27,.22,
304,TtPTIntbo,2008-07-21,3:47:27,.22,
305,TtPTIntbo,2008-07-21,3:47:27,.22,
306,TtPTIntbo,2008-07-21,3:47:27,.22,
307,TtPTIntbo,2008-07-21,3:47:27,.22,
308,TtPTIntbo,2008-07-21,3:47:27,.22,
309,TtPTIntbo,2008-07-21,3:47:27,.22,
310,TtPTIntbo,2008-07-21,3:47:27,.22,
311,TtPTIntbo,2008-07-21,3:47:27,.22,
312,TtPTIntbo,2008-07-21,3:47:27,.22,
313,TtPTIntbo,2008-07-21,3:47:27,.22,
314,TtPTIntbo,2008-07-21,3:47:27,.22,
315,TtPTIntbo,2008-07-21,3:47:27,.22,
316,TtPTIntbo,2008-07-21,3:47:27,.22,
317,TtPTIntbo,2008-07-21,3:47:27,.22,
318,TtPTIntbo,2008-07-21,3:47:27,.22,
319,TtPTIntbo,2008-07-21,3:47:27,.22,
320,TtPTIntbo,2008-07-21,3:47:27,.22,
321,TtPTIntbo,2008-07-21,3:47:27,.22,
322,TtPTIntbo,2008-07-21,3:47:27,.22,
323,TtPTIntbo,2008-07-21,3:47:27,.22,
324,TtPTIntbo,2008-07-21,3:47:27,.22,
325,TtPTIntbo,2008-07-21,3:47:27,.22,
326,TtPTIntbo,2008-07-21,3:47:27,.22,
327,TtPTIntbo,2008-07-21,3:47:27,.22,
328,TtPTIntbo,2008-07-21,3:47:27,.22,
329,TtPTIntbo,2008-07-21,3:47:27,.22,
330,TtPTIntbo,2008-07-21,3:47:27,.22,
331,TtPTIntbo,2008-07-21,3:47:27,.22,
332,TtPTIntbo,2008-07-21,3:47:27,.22,
333,TtPTIntbo,2008-07-21,3:47:27,.22,
334,TtPTIntbo,2008-07-21,3:47:27,.22,
335,TtPTIntbo,2008-07-21,3:47:27,.22,
336,TtPTIntbo,2008-07-21,3:47:27,.22,
337,TtPTIntbo,2008-07-21,3:47:27,.22,
338,TtPTIntbo,2008-07-21,3:47:27,.22,
339,TtPTIntbo,2008-07-21,3:47:27,.22,
340,TtPTIntbo,2008-07-21,3:47:27,.22,
341,TtPTIntbo,2008-07-21,3:47:27,.22,
342,TtPTIntbo,2008-07-21,3:47:27,.22,
343,TtPTIntbo,2008-07-21,3:47:27,.22,
344,TtPTIntbo,2008-07-21,3:47:27,.22,
345,TtPTIntbo,2008-07-21,3:47:27,.22,
346,TtPTIntbo,2008-07-21,3:47:27,.22,
347,TtPTIntbo,2008-07-21,3:47:27,.22,
348,TtPTIntbo,2008-07-21,3:47:27,.22,
349,TtPTIntbo,2008-07-21,3:47:27,.22,
350,TtPTIntbo,2008-07-21,3:47:27,.22,
351,TtPTIntbo,2008-07-21,3:47:27,.22,
352,TtPTIntbo,2008-07-21,3:47:27,.22,
353,TtPTIntbo,2008-07-21,3:47:27,.22,
354,TtPTIntbo,2008-07-21,3:47:27,.22,
355,TtPTIntbo,2008-07-21,3:47:27,.22,
356,TtPTIntbo,2008-07-21,3:47:27,.22,
357,TtPTIntbo,2008-07-21,3:47:27,.22,
358,TtPTIntbo,2008-07-21,3:47:27,.22,
359,TtPTIntbo,2008-07-21,3:47:27,.22,
360,TtPTIntbo,2008-07-21,3:47:27,.22,
361,TtPTIntbo,2008-07-21,3:47:27,.22,
362,TtPTIntbo,2008-07-21,3:47:27,.22,
363,TtPTIntbo,2008-07-21,3:47:27,.22,
364,TtPTIntbo,2008-07-21,3:47:27,.22,
365,TtPTIntbo,2008-07-21,3:47:27,.22,
366,TtPTIntbo,2008-07-21,3:47:27,.22,
367,TtPTIntbo,2008-07-21,3:47:27,.22,
368,TtPTIntbo,2008-07-21,3:47:27,.22,
369,TtPTIntbo,2008-07-21,3:47:27,.22,
370,TtPTIntbo,2008-07-21,3:47:27,.22,
371,TtPTIntbo,2008-07-21,3:47:27,.22,
372,TtPTIntbo,2008-07-21,3:47:27,.22,
373,TtPTIntbo,2008-07-21,3:47:27,.22,
374,TtPTIntbo,2008-07-21,3:47:27,.22,
375,TtPTIntbo,2008-07-21,3:47:27,.22,
376,TtPTIntbo,2008-07-21,3:47:27,.22,
377,TtPTIntbo,2008-07-21,3:47:27,.22,
378,TtPTIntbo,2008-07-21,3:47:27,.22,
379,TtPTIntbo,2008-07-21,3:47:27,.22,
380,TtPTIntbo,2008-07-21,3:47:27,.22,
381,TtPTIntbo,2008-07-21,3:47:27,.22,
382,TtPTIntbo,2008-07-21,3:47:27,.22,
383,TtPTIntbo,2008-07-21,3:47:27,.22,
384,TtPTIntbo,2008-07-21,3:47:27,.22,
385,TtPTIntbo,2008-07-21,3:47:27,.22,
386,TtPTIntbo,2008-07-21,3:47:27,.22,
387,TtPTIntbo,2008-07-21,3:47:27,.22,
388,TtPTIntbo,2008-07-21,3:47:27,.22,
389,TtPTIntbo,2008-07-21,3:47:27,.22,
390,TtPTIntbo,2008-07-21,3:47:27,.22,
391,TtPTIntbo,2008-07-21,3:47:27,.22,
392,TtPTIntbo,2008-07-21,3:47:27,.22,
393,TtPTIntbo,2008-07-21,3:47:27,.22,
394,TtPTIntbo,2008-07-21,3:47:27,.22,
395,TtPTIntbo,2008-07-21,3:47:27,.22,
396,TtPTIntbo,2008-07-21,3:47:27,.22,
397,TtPTIntbo,2008-07-21,3:47:27,.22,
398,TtPTIntbo,2008-07-21,3:47:27,.22,
399,TtPTIntbo,2008-07-21,3:47:27,.22,
400,TtPTIntbo,2008-07-21,3:47:27,.22,
401,TtPTIntbo,2008-07-21,3:47:27,.22,
402,TtPTIntbo,2008-07-21,3:47:27,.22,
403,TtPTIntbo,2008-07-21,3:47:27,.22,
404,TtPTIntbo,2008-07-21,3:47:27,.22,
405,TtPTIntbo,2008-07-21,3:47:27,.22,
406,TtPTIntbo,2008-07-21,3:47:27,.22,
407,TtPTIntbo,2008-07-21,3:47:27,.22,
408,TtPTIntbo,2008-07-21,3:47:27,.22,
409,TtPTIntbo,2008-07-21,3:47:27,.22,
410,TtPTIntbo,2008-07-21,3:47:27,.22,
411,TtPTIntbo,2008-07-21,3:47:27,.22,
412,TtPTIntbo,2008-07-21,3:47:27,.22,
413,TtPTIntbo,2008-07-21,3:47:27,.22,
414,TtPTIntbo,2008-07-21,3:47:27,.22,
415,TtPTIntbo,2008-07-21,3:47:27,.22,
416,TtPTIntbo,2008-07-21,3:47:27,.22,
417,TtPTIntbo,2008-07-21,3:47:27,.22,
418,TtPTIntbo,2008-07-21,3:47:27,.22,
419,TtPTIntbo,2008-07-21,3:47:27,.22,
420,TtPTIntbo,2008-07-21,3:47:27,.22,
421,TtPTIntbo,2008-07-21,3:47:27,.22,
422,TtPTIntbo,2008-07-21,3:47:27,.22,
423,TtPTIntbo,2008-07-21,3:47:27,.22,
424,TtPTIntbo,2008-07-21,3:47:27,.22,
425,TtPTIntbo,2008-07-21,3:47:27,.22,
426,TtPTIntbo,2008-07-21,3:47:27,.22,
427,TtPTIntbo,2008-07-21,3:47:27,.22,
428,TtPTIntbo,2008-07-21,3:47:27,.22,
429,TtPTIntbo,2008-07-21,3:47:27,.22,
430,TtPTIntbo,2008-07-21,3:47:27,.22,
431,TtPTIntbo,2008-07-21,3:47:27,.22,
432,TtPTIntbo,2008-07-21,3:47:27,.22,
433,TtPTIntbo,2008-07-21,3:47:27,.22,
434,TtPTIntbo,2008-07-21,3:47:27,.22,
435,TtPTIntbo,2008-07-21,3:47:27,.22,
436,TtPTIntbo,2008-07-21,3:47:27,.22,
437,TtPTIntbo,2008-07-21,3:47:27,.22,
438,TtPTIntbo,2008-07-21,3:47:27,.22,
439,TtPTIntbo,2008-07-21,3:47:27,.22,
440,TtPTIntbo,2008-07-21,3:47:27,.22,
441,TtPTIntbo,2008-07-21,3:47:27,.22,
442,TtPTIntbo,2008-07-21,3:47:27,.22,
443,TtPTIntbo,2008-07-21,3:47:27,.22,
444,TtPTIntbo,2008-07-21,3:47:27,.22,
445,TtPTIntbo,2008-07-21,3:47:27,.22,
446,TtPTIntbo,2008-07-21,3:47:27,.22,
447,TtPTIntbo,2008-07-21,3:47:27,.22,
448,TtPTIntbo,2008-07-21,3:47:27,.22,
449,TtPTIntbo,2008-07-21,3:47:27,.22,
450,TtPTIntbo,2008-07-21,3:47:27,.22,
451,TtPTIntbo,2008-07-21,3:47:27,.22,
452,TtPTIntbo,2008-07-21,3:47:27,.22,
453,TtPTIntbo,2008-07-21,3:47:27,.22,
454,TtPTIntbo,2008-07-21,3:47:27,.22,
455,TtPTIntbo,2008-07-21,3:47:27,.22,
456,TtPTIntbo,2008-07-21,3:47:27,.22,
457,TtPTIntbo,2008-07-21,3:47:27,.22,
458,TtPTIntbo,2008-07-21,3:47:27,.22,
459,TtPTIntbo,2008-07-21,3:47:27,.22,
460,TtPTIntbo,2008-07-21,3:47:27,.22,
461,TtPTIntbo,2008-07-21,3:47:27,.22,
462,TtPTIntbo,2008-07-21,3:47:27,.22,
463,TtPTIntbo,2008-07-21,3:47:27,.22,
464,TtPTIntbo,2008-07-21,3:47:27,.22,
465,TtPTIntbo,2008-07-21,3:47:27,.22,
466,TtPTIntbo,2008-07-21,3:47:27,.22,
467,TtPTIntbo,2008-07-21,3:47:27,.22,
468,TtPTIntbo,2008-07-21,3:47:27,.22,
469,TtPTIntbo,2008-07-21,3:47:27,.22,
470,TtPTIntbo,2008-07-21,3:47:27,.22,
471,TtPTIntbo,2008-07-21,3:47:27,.22,
472,TtPTIntbo,2008-07-21,3:47:27,.22,
473,TtPTIntbo,2008-07-21,3:47:27,.22,
474,TtPTIntbo,2008-07-21,3:47:27,.22,
475,TtPTIntbo,2008-07-21,3:47:27,.22,
476,TtPTIntbo,2008-07-21,3:47:27,.22,
477,TtPTIntbo,2008-07-21,3:47:27,.22,
478,TtPTIntbo,2008-07-21,3:47:27,.22,
479,TtPTIntbo,2008-07-21,3:47:27,.22,
480,TtPTIntbo,2008-07-21,3:47:27,.22,
481,TtPTIntbo,2008-07-21,3:47:27,.22,
482,TtPTIntbo,2008-07-21,3:47:27,.22,
483,TtPTIntbo,2008-07-21,3:47:27,.22,
484,TtPTIntbo,2008-07-21,3:47:27,.22,
485,TtPTIntbo,2008-07-21,3:47:27,.22,
486,TtPTIntbo,2008-07-21,3:47:27,.22,
487,TtPTIntbo,2008-07-21,3:47:27,.22,
488,TtPTIntbo,2008-07-21,3:47:27,.22,
489,TtPTIntbo,2008-07-21,3:47:27,.22,
490,TtPTIntbo,2008-07-21,3:47:27,.22,
491,TtPTIntbo,2008-07-21,3:47:27,.22,
492,TtPTIntbo,2008-07-21,3:47:27,.22,
493,TtPTIntbo,2008-07-21,3:47:27,.22,
494,TtPTIntbo,2008-07-21,3:47:27,.22,
495,TtPTIntbo,2008-07-21,3:47:27,.22,
496,TtPTIntbo,2008-07-21,3:47:27,.22,
497,TtPTIntbo,2008-07-21,3:47:27,.22,
498,TtPTIntbo,2008-07-21,3:47:27,.22,
499,TtPTIntbo,2008-07-21,3:47:27,.22,
500,TtPTIntbo,2008-07-21,3:47:27,.22,
501,TtPTIntbo,2008-07-21,3:47:27,.22,
502,TtPTIntbo,2008-07-21,3:47:27,.22,
503,TtPTIntbo,2008-07-21,3:47:27,.22,
504,TtPTIntbo,2008-07-21,3:47:27,.22,
505,TtPTIntbo,2008-07-21,3:47:27,.22,
506,TtPTIntbo,2008-07-21,3:47:27,.22,
507,TtPTIntbo,2008-07-21,3:47:27,.22,
508,TtPTIntbo,2008-07-21,3:47:27,.22,
509,TtPTIntbo,2008-07-21,3:47:27,.22,
510,TtPTIntbo,2008-07-21,3:47:27,.22,
511,TtPTIntbo,2008-07-21,3:47:27,.22,
512,TtPTIntbo,2008-07-21,3:47:27,.22,
513,TtPTIntbo,2008-07-21,3:47:27,.22,
514,TtPTIntbo,2008-07-21,3:47:27,.22,
515,TtPTIntbo,2008-07-21,3:47:27,.22,
516,TtPTIntbo,2008-07-21,3:47:27,.22,
517,TtPTIntbo,2008-07-21,3:47:27,.22,
518,TtPTIntbo,2008-07-21,3:47:27,.22,
519,TtPTIntbo,2008-07-21,3:47:27,.22,
520,TtPTIntbo,2008-07-21,3:47:27,.22,
521,TtPTIntbo,2008-07-21,3:47:27,.22,
522,TtPTIntbo,2008-07-21,3:47:27,.22,
523,TtPTIntbo,2008-07-21,3:47:27,.22,
524,TtPTIntbo,2008-07-21,3:47:27,.22,
525,TtPTIntbo,2008-07-21,3:47:27,.22,
526,TtPTIntbo,2008-07-21,3:47:27,.22,
527,TtPTIntbo,2008-07-21,3:47:27,.22,
528,TtPTIntbo,2008-07-21,3:47:27,.22,
529,TtPTIntbo,2008-07-21,3:47:27,.22,
530,TtPTIntbo,2008-07-21,3:47:27,.22,
531,TtPTIntbo,2008-07-21,3:47:27,.22,
532,TtPTIntbo,2008-07-21,3:47:27,.22,
533,TtPTIntbo,2008-07-21,3:47:27,.22,
534,TtPTIntbo,2008-07-21,3:47:27,.22,
535,TtPTIntbo,2008-07-21,3:47:27,.22,
536,TtPTIntbo,2008-07-21,3:47:27,.22,
537,TtPTIntbo,2008-07-21,3:47:27,.22,
538,TtPTIntbo,2008-07-21,3:47:27,.22,
539,TtPTIntbo,2008-07-21,3:47:27,.22,
540,TtPTIntbo,2008-07-21,3:47:27,.22,
541,TtPTIntbo,2008-07-21,3:47:27,.22,
542,TtPTIntbo,2008-07-21,3:47:27,.22,
543,TtPTIntbo,2008-07-21,3:47:27,.22,
544,TtPTIntbo,2008-07-21,3:47:27,.22,
545,TtPTIntbo,2008-07-21,3:47:27,.22,
546,TtPTIntbo,2008-07-21,3:47:27,.22,
547,TtPTIntbo,2008-07-21,3:47:27,.22,
548,TtPTIntbo,2008-07-21,3:47:27,.22,
549,TtPTIntbo,2008-07-21,3:47:27,.22,
550,TtPTIntbo,2008-07-21,3:47:27,.22,
551,TtPTIntbo,2008-07-21,3:47:27,.22,
552,TtPTIntbo,2008-07-21,3:47:27,.22,
553,TtPTIntbo,2008-07-21,3:47:27,.22,
554,TtPTIntbo,2008-07-21,3:47:27,.22,
555,TtPTIntbo,2008-07-21,3:47:27,.22,
556,TtPTIntbo,2008-07-21,3:47:27,.22,
557,TtPTIntbo,2008-07-21,3:47:27,.22,
558,TtPTIntbo,2008-07-21,3:47:27,.22,
559,TtPTIntbo,2008-07-21,3:47:27,.22,
560,TtPTIntbo,2008-07-21,3:47:27,.22,
561,TtPTIntbo,2008-07-21,3:47:27,.22,
562,TtPTIntbo,2008-07-21,3:47:27,.22,
563,TtPTIntbo,2008-07-21,3:47:27,.22,
564,TtPTIntbo,2008-07-21,3:47:27,.22,
565,TtPTIntbo,2008-07-21,3:47:27,.22,
566,TtPTIntbo,2008-07-21,3:47:27,.22,
567,TtPTIntbo,2008-07-21,3:47:27,.22,
568,TtPTIntbo,2008-07-21,3:47:27,.22,
569,TtPTIntbo,2008-07-21,3:47:27,.22,
570,TtPTIntbo,2008-07-21,3:47:27,.22,
571,TtPTIntbo,2008-07-21,3:47:27,.22,
572,TtPTIntbo,2008-07-21,3:47:27,.22,
573,TtPTIntbo,2008-07-21,3:47:27,.22,
574,TtPTIntbo,2008-07-21,3:47:27,.22,
575,TtPTIntbo,2008-07-21,3:47:27,.22,
576,TtPTIntbo,2008-07-21,3:47:27,.22,
577,TtPTIntbo,2008-07-21,3:47:27,.22,
578,TtPTIntbo,2008-07-21,3:47:27,.22,
579,TtPTIntbo,2008-07-21,3:47:27,.22,
580,TtPTIntbo,2008-07-21,3:47:27,.22,
581,TtPTIntbo,2008-07-21,3:47:27,.22,
582,TtPTIntbo,2008-07-21,3:47:27,.22,
583,TtPTIntbo,2008-07-21,3:47:27,.22,
584,TtPTIntbo,2008-07-21,3:47:27,.22,
585,TtPTIntbo,2008-07-21,3:47:27,.22,
586,TtPTIntbo,2008-07-21,3:47:27,.22,
587,TtPTIntbo,2008-07-21,3:47:27,.22,
588,TtPTIntbo,2008-07-21,3:47:27,.22,
589,TtPTIntbo,2008-07-21,3:47:27,.22,
590,TtPTIntbo,2008-07-21,3:47:27,.22,
591,TtPTIntbo,2008-07-21,3:47:27,.22,
592,TtPTIntbo,2008-07-21,3:47:27,.22,
593,TtPTIntbo,2008-07-21,3:47:27,.22,
594,TtPTIntbo,2008-07-21,3:47:27,.22,
595,TtPTIntbo,2008-07-21,3:47:27,.22,
596,TtPTIntbo,2008-07-21,3:47:27,.22,
597,TtPTIntbo,2008-07-21,3:47:27,.22,
598,TtPTIntbo,2008-07-21,3:47:27,.22,
599,TtPTIntbo,2008-07-21,3:47:27,.22,
600,TtPTIntbo,2008-07-21,3:47:27,.22,
601,TtPTIntbo,2008-07-21,3:47:27,.22,
602,TtPTIntbo,2008-07-21,3:47:27,.22,
603,TtPTIntbo,2008-07-21,3:47:27,.22,
604,TtPTIntbo,2008-07-21,3:47:27,.22,
605,TtPTIntbo,2008-07-21,3:47:27,.22,
606,TtPTIntbo,2008-07-21,3:47:27,.22,
607,TtPTIntbo,2008-07-21,3:47:27,.22,
608,TtPTIntbo,2008-07-21,3:47:27,.22,
609,TtPTIntbo,2008-07-21,3:47:27,.22,
610,TtPTIntbo,2008-07-21,3:47:27,.22,
611,TtPTIntbo,2008-07-21,3:47:27,.22,
612,TtPTIntbo,2008-07-21,3:47:27,.22,
613,TtPTIntbo,2008-07-21,3:47:27,.22,
614,TtPTIntbo,2008-07-21,3:47:27,.22,
615,TtPTIntbo,2008-07-21,3:47:27,.22,
616,TtPTIntbo,2008-07-21,3:47:27,.22,
617,TtPTIntbo,2008-07-21,3:47:27,.22,
618,TtPTIntbo,2008-07-21,3:47:27,.22,
619,TtPTIntbo,2008-07-21,3:47:27,.22,
620,TtPTIntbo,2008-07-21,3:47:27,.22,
621,TtPTIntbo,2008-07-21,3:47:27,.22,
622,TtPTIntbo,2008-07-21,3:47:27,.22,
623,TtPTIntbo,2008-07-21,3:47:27,.22,
624,TtPTIntbo,2008-07-21,3:47:27,.22,
625,TtPTIntbo,2008-07-21,3:47:27,.22,
626,TtPTIntbo,2008-07-21,3:47:27,.22,
627,TtPTIntbo,2008-07-21,3:47:27,.22,
628,TtPTIntbo,2008-07-21,3:47:27,.22,
629,TtPTIntbo,2008-07-21,3:47:27,.22,
630,TtPTIntbo,2008-07-21,3:47:27,.22,
631,TtPTIntbo,2008-07-21,3:47:27,.22,
632,TtPTIntbo,2008-07-21,3:47:27,.22,
633,TtPTIntbo,2008-07-21,3:47:27,.22,
634,TtPTIntbo,2008-07-21,3:47:27,.22,
635,TtPTIntbo,2008-07-21,3:47:27,.22,
636,TtPTIntbo,2008-07-21,3:47:27,.22,
637,TtPTIntbo,2008-07-21,3:47:27,.22,
638,TtPTIntbo,2008-07-21,3:47:27,.22,
639,TtPTIntbo,2008-07-21,3:47:27,.22,
640,TtPTIntbo,2008-07-21,3:47:27,.22,
641,TtPTIntbo,2008-07-21,3:47:27,.22,
642,TtPTIntbo,2008-07-21,3:47:27,.22,
643,TtPTIntbo,2008-07-21,3:47:27,.22,
644,TtPTIntbo,2008-07-21,3:47:27,.22,
645,TtPTIntbo,2008-07-21,3:47:27,.22,
646,TtPTIntbo,2008-07-21,3:47:27,.22,
647,TtPTIntbo,2008-07-21,3:47:27,.22,
648,TtPTIntbo,2008-07-21,3:47:27,.22,
649,TtPTIntbo,2008-07-21,3:47:27,.22,
650,TtPTIntbo,2008-07-21,3:47:27,.22,
651,TtPTIntbo,2008-07-21,3:47:27,.22,
652,TtPTIntbo,2008-07-21,3:47:27,.22,
653,TtPTIntbo,2008-07-21,3:47:27,.22,
654,TtPTIntbo,2008-07-21,3:47:27,.22,
655,TtPTIntbo,2008-07-21,3:47:27,.22,
656,TtPTIntbo,2008-07-21,3:47:27,.22,
657,TtPTIntbo,2008-07-21,3:47:27,.22,
658,TtPTIntbo,2008-07-21,3:47:27,.22,
659,TtPTIntbo,2008-07-21,3:47:27,.22,
660,TtPTIntbo,2008-07-21,3:47:27,.22,
661,TtPTIntbo,2008-07-21,3:47:27,.22,
662,TtPTIntbo,2008-07-21,3:47:27,.22,
663,TtPTIntbo,2008-07-21,3:47:27,.22,
664,TtPTIntbo,2008-07-21,3:47:27,.22,
665,TtPTIntbo,2008-07-21,3:47:27,.22,
666,TtPTIntbo,2008-07-21,3:47:27,.22,
667,TtPTIntbo,2008-07-21,3:47:27,.22,
668,TtPTIntbo,2008-07-21,3:47:27,.22,
669,TtPTIntbo,2008-07-21,3:47:27,.22,
670,TtPTIntbo,2008-07-21,3:47:27,.22,
671,TtPTIntbo,2008-07-21,3:47:27,.22,
672,TtPTIntbo,2008-07-21,3:47:27,.22,
673,TtPTIntbo,2008-07-21,3:47:27,.22,
674,TtPTIntbo,2008-07-21,3:47:27,.22,
675,TtPTIntbo,2008-07-21,3:47:27,.22,
676,TtPTIntbo,2008-07-21,3:47:27,.22,
677,TtPTIntbo,2008-07-21,3:47:27,.22,
678,TtPTIntbo,2008-07-21,3:47:27,.22,
679,TtPTIntbo,2008-07-21,3:47:27,.22,
680,TtPTIntbo,2008-07-21,3:47:27,.22,
681,TtPTIntbo,2008-07-21,3:47:27,.22,
682,TtPTIntbo,2008-07-21,3:47:27,.22,
683,TtPTIntbo,2008-07-21,3:47:27,.22,
684,TtPTIntbo,2008-07-21,3:47:27,.22,
685,TtPTIntbo,2008-07-21,3:47:27,.22,
686,TtPTIntbo,2008-07-21,3:47:27,.22,
687,TtPTIntbo,2008-07-21,3:47:27,.22,
688,TtPTIntbo,2008-07-21,3:47:27,.22,
689,TtPTIntbo,2008-07-21,3:47:27,.22,
690,TtPTIntbo,2008-07-21,3:47:27,.22,
691,TtPTIntbo,2008-07-21,3:47:27,.22,
692,TtPTIntbo,2008-07-21,3:47:27,.22,
693,TtPTIntbo,2008-07-21,3:47:27,.22,
694,TtPTIntbo,2008-07-21,3:47:27,.22,
695,TtPTIntbo,2008-07-21,3:47:27,.22,
696,TtPTIntbo,2008-07-21,3:47:27,.22,
697,TtPTIntbo,2008-07-21,3:47:27,.22,
698,TtPTIntbo,2008-07-21,3:47:27,.22,
699,TtPTIntbo,2008-07-21,3:47:27,.22,
700,TtPTIntbo,2008-07-21,3:47:27,.22,
701,TtPTIntbo,2008-07-21,3:47:27,.22,
702,TtPTIntbo,2008-07-21,3:47:27,.22,
703,TtPTIntbo,2008-07-21,3:47:27,.22,
704,TtPTIntbo,2008-07-21,3:47:27,.22,
705,TtPTIntbo,2008-07-21,3:47:27,.22,
706,TtPTIntbo,2008-07-21,3:47:27,.22,
707,TtPTIntbo,2008-07-21,3:47:27,.22,
708,TtPTIntbo,2008-07-21,3:47:27,.22,
709,TtPTIntbo,2008-07-21,3:47:27,.22,
710,TtPTIntbo,2008-07-21,3:47:27,.22,
711,TtPTIntbo,2008-07-21,3:47:27,.22,
712,TtPTIntbo,2008-07-21,3:47:27,.22,
713,TtPTIntbo,2008-07-21,3:47:27,.22,
714,TtPTIntbo,2008-07-21,3:47:27,.22,
715,TtPTIntbo,2008-07-21,3:47:27,.22,
716,TtPTIntbo,2008-07-21,3:47:27,.22,
717,TtPTIntbo,2008-07-21,3:47:27,.22,
718,TtPTIntbo,2008-07-21,3:47:27,.22,
719,TtPTIntbo,2008-07-21,3:47:27,.22,
720,TtPTIntbo,2008-07-21,3:47:27,.22,
721,TtPTIntbo,2008-07-21,3:47:27,.22,
722,TtPTIntbo,2008-07-21,3:47:27,.22,
723,TtPTIntbo,2008-07-21,3:47:27,.22,
724,TtPTIntbo,2008-07-21,3:47:27,.22,
725,TtPTIntbo,2008-07-21,3:47:27,.22,
726,TtPTIntbo,2008-07-21,3:47:27,.22,
727,TtPTIntbo,2008-07-21,3:47:27,.22,
728,TtPTIntbo,2008-07-21,3:47:27,.22,
729,TtPTIntbo,2008-07-21,3:47:27,.22,
730,TtPTIntbo,2008-07-21,3:47:27,.22,
731,TtPTIntbo,2008-07-21,3:47:27,.22,
732,TtPTIntbo,2008-07-21,3:47:27,.22,
733,TtPTIntbo,2008-07-21,3:47:27,.22,
734,TtPTIntbo,2008-07-21,3:47:27,.22,
735,TtPTIntbo,2008-07-21,3:47:27,.22,
736,TtPTIntbo,2008-07-21,3:47:27,.22,
737,TtPTIntbo,2008-07-21,3:47:27,.22,
738,TtPTIntbo,2008-07-21,3:47:27,.22,
739,TtPTIntbo,2008-07-21,3:47:27,.22,
740,TtPTIntbo,2008-07-21,3:47:27,.22,
741,TtPTIntbo,2008-07-21,3:47:27,.22,
742,TtPTIntbo,2008-07-21,3:47:27,.22,
743,TtPTIntbo,2008-07-21,3:47:27,.22,
744,TtPTIntbo,2008-07-21,3:47:27,.22,
745,TtPTIntbo,2008-07-21,3:47:27,.22,
746,TtPTIntbo,2008-07-21,3:47:27,.22,
747,TtPTIntbo,2008-07-21,3:47:27,.22,
748,TtPTIntbo,2008-07-21,3:47:27,.22,
749,TtPTIntbo,2008-07-21,3:47:27,.22,
750,TtPTIntbo,2008-07-21,3:47:27,.22,
751,TtPTIntbo,2008-07-21,3:47:27,.22,
752,TtPTIntbo,2008-07-21,3:47:27,.22,
753,TtPTIntbo,2008-07-21,3:47:27,.22,
754,TtPTIntbo,2008-07-21,3:47:27,.22,
755,TtPTIntbo,2008-07-21,3:47:27,.22,
756,TtPTIntbo,2008-07-21,3:47:27,.22,
757,TtPTIntbo,2008-07-21,3:47:27,.22,
758,TtPTIntbo,2008-07-21,3:47:27,.22,
759,TtPTIntbo,2008-07-21,3:47:27,.22,
760,TtPTIntbo,2008-07-21,3:47:27,.22,
761,TtPTIntbo,2008-07-21,3:47:27,.22,
762,TtPTIntbo,2008-07-21,3:47:27,.22,
763,TtPTIntbo,2008-07-21,3:47:27,.22,
764,TtPTIntbo,2008-07-21,3:47:27,.22,
765,TtPTIntbo,2008-07-21,3:47:27,.22,
766,TtPTIntbo,2008-07-21,3:47:27,.22,
767,TtPTIntbo,2008-07-21,3:47:27,.22,
768,TtPTIntbo,2008-07-21,3:47:27,.22,
769,TtPTIntbo,2008-07-21,3:47:27,.22,
770,TtPTIntbo,2008-07-21,3:47:27,.22,
771,TtPTIntbo,2008-07-21,3:47:27,.22,
772,TtPTIntbo,2008-07-21,3:47:27,.22,
773,TtPTIntbo,2008-07-21,3:47:27,.22,
774,TtPTIntbo,2008-07-21,3:47:27,.22,
775,TtPTIntbo,2008-07-21,3:47:27,.22,
776,TtPTIntbo,2008-07-21,3:47:27,.22,
777,TtPTIntbo,2008-07-21,3:47:27,.22,
778,TtPTIntbo,2008-07-21,3:47:27,.22,
779,TtPTIntbo,2008-07-21,3:47:27,.22,
780,TtPTIntbo,2008-07-21,3:47:27,.22,
781,TtPTIntbo,2008-07-21,3:47:27,.22,
782,TtPTIntbo,2008-07-21,3:47:27,.22,
783,TtPTIntbo,2008-07-21,3:47:27,.22,
784,TtPTIntbo,2008-07-21,3:47:27,.22,
785,TtPTIntbo,2008-07-21,3:47:27,.22,
786,TtPTIntbo,2008-07-21,3:47:27,.22,
787,TtPTIntbo,2008-07-21,3:47:27,.22,
788,TtPTIntbo,2008-07-21,3:47:27,.22,
789,TtPTIntbo,2008-07-21,3:47:27,.22,
790,TtPTIntbo,2008-07-21,3:47:27,.22,
791,TtPTIntbo,2008-07-21,3:47:27,.22,
792,TtPTIntbo,2008-07-21,3:47:27,.22,
793,TtPTIntbo,2008-07-21,3:47:27,.22,
794,TtPTIntbo,2008-07-21,3:47:27,.22,
795,TtPTIntbo,2008-07-21,3:47:27,.22,
796,TtPTIntbo,2008-07-21,3:47:27,.22,
797,TtPTIntbo,2008-07-21,3:47:27,.22,
798,TtPTIntbo,2008-07-21,3:47:27,.22,
799,TtPTIntbo,2008-07-21,3:47:27,.22,
800,TtPTIntbo,2008-07-21,3:47:27,.22,
801,TtPTIntbo,2008-07-21,3:47:27,.22,
802,TtPTIntbo,2008-07-21,3:47:27,.22,
803,TtPTIntbo,2008-07-21,3:47:27,.22,
804,TtPTIntbo,2008-07-21,3:47:27,.22,
805,TtPTIntbo,2008-07-21,3:47:27,.22,
806,TtPTIntbo,2008-07-21,3:47:27,.22,
807,TtPTIntbo,2008-07-21,3:47:27,.22,
808,TtPTIntbo,2008-07-21,3:47:27,.22,
809,TtPTIntbo,2008-07-21,3:47:27,.22,
810,TtPTIntbo,2008-07-21,3:47:27,.22,
811,TtPTIntbo,2008-07-21,3:47:27,.22,
812,TtPTIntbo,2008-07-21,3:47:27,.22,
813,TtPTIntbo,2008-07-21,3:47:27,.22,
814,TtPTIntbo,2008-07-21,3:47:27,.22,
815,TtPTIntbo,2008-07-21,3:47:27,.22,
816,TtPTIntbo,2008-07-21,3:47:27,.22,
817,TtPTIntbo,2008-07-21,3:47:27,.22,
818,TtPTIntbo,2008-07-21,3:47:27,.22,
819,TtPTIntbo,2008-07-21,3:47:27,.22,
820,TtPTIntbo,2008-07-21,3:47:27,.22,
821,TtPTIntbo,2008-07-21,3:47:27,.22,
822,TtPTIntbo,2008-07-21,3:47:27,.22,
823,TtPTIntbo,2008-07-21,3:47:27,.22,
824,TtPTIntbo,2008-07-21,3:47:27,.22,
825,TtPTIntbo,2008-07-21,3:47:27,.22,
826,TtPTIntbo,2008-07-21,3:47:27,.22,
827,TtPTIntbo,2008-07-21,3:47:27,.22,
828,TtPTIntbo,2008-07-21,3:47:27,.22,
829,TtPTIntbo,2008-07-21,3:47:27,.22,
830,TtPTIntbo,2008-07-21,3:47:27,.22,
831,TtPTIntbo,2008-07-21,3:47:27,.22,
832,TtPTIntbo,2008-07-21,3:47:27,.22,
833,TtPTIntbo,2008-07-21,3:47:27,.22,
834,TtPTIntbo,2008-07-21,3:47:27,.22,
835,TtPTIntbo,2008-07-21,3:47:27,.22,
836,TtPTIntbo,2008-07-21,3:47:27,.22,
837,TtPTIntbo,2008-07-21,3:47:27,.22,
838,TtPTIntbo,2008-07-21,3:47:27,.22,
839,TtPTIntbo,2008-07-21,3:47:27,.22,
840,TtPTIntbo,2008-07-21,3:47:27,.22,
841,TtPTIntbo,2008-07-21,3:47:27,.22,
842,TtPTIntbo,2008-07-21,3:47:27,.22,
843,TtPTIntbo,2008-07-21,3:47:27,.22,
844,TtPTIntbo,2008-07-21,3:47:27,.22,
845,TtPTIntbo,2008-07-21,3:47:27,.22,
846,TtPTIntbo,2008-07-21,3:47:27,.22,
847,TtPTIntbo,2008-07-21,3:47:27,.22,
848,TtPTIntbo,2008-07-21,3:47:27,.22,
849,TtPTIntbo,2008-07-21,3:47:27,.22,
850,TtPTIntbo,2008-07-21,3:47:27,.22,
851,TtPTIntbo,2008-07-21,3:47:27,.22,
852,TtPTIntbo,2008-07-21,3:47:27,.22,
853,TtPTIntbo,2008-07-21,3:47:27,.22,
854,TtPTIntbo,2008-07-21,3:47:27,.22,
855,TtPTIntbo,2008-07-21,3:47:27,.22,
856,TtPTIntbo,2008-07-21,3:47:27,.22,
857,TtPTIntbo,2008-07-21,3:47:27,.22,
858,TtPTIntbo,2008-07-21,3:47:27,.22,
859,TtPTIntbo,2008-07-21,3:47:27,.22,
860,TtPTIntbo,2008-07-21,3:47:27,.22,
861,TtPTIntbo,2008-07-21,3:47:27,.22,
862,TtPTIntbo,2008-07-21,3:47:27,.22,
863,TtPTIntbo,2008-07-21,3:47:27,.22,
864,TtPTIntbo,2008-07-21,3:47:27,.22,
865,TtPTIntbo,2008-07-21,3:47:27,.22,
866,TtPTIntbo,2008-07-21,3:47:27,.22,
867,TtPTIntbo,2008-07-21,3:47:27,.22,
868,TtPTIntbo,2008-07-21,3:47:27,.22,
869,TtPTIntbo,2008-07-21,3:47:27,.22,
870,TtPTIntbo,2008-07-21,3:47:27,.22,
871,TtPTIntbo,2008-07-21,3:47:27,.22,
872,TtPTIntbo,2008-07-21,3:47:27,.22,
873,TtPTIntbo,2008-07-21,3:47:27,.22,
874,TtPTIntbo,2008-07-21,3:47:27,.22,
875,TtPTIntbo,2008-07-21,3:47:27,.22,
876,TtPTIntbo,2008-07-21,3:47:27,.22,
877,TtPTIntbo,2008-07-21,3:47:27,.22,
878,TtPTIntbo,2008-07-21,3:47:27,.22,
879,TtPTIntbo,2008-07-21,3:47:27,.22,
880,TtPTIntbo,2008-07-21,3:47:27,.22,
881,TtPTIntbo,2008-07-21,3:47:27,.22,
882,TtPTIntbo,2008-07-21,3:47:27,.22,
883,TtPTIntbo,2008-07-21,3:47:27,.22,
884,TtPTIntbo,2008-07-21,3:47:27,.22,
885,TtPTIntbo,2008-07-21,3:47:27,.22,
886,TtPTIntbo,2008-07-21,3:47:27,.22,
887,TtPTIntbo,2008-07-21,3:47:27,.22,
888,TtPTIntbo,2008-07-21,3:47:27,.22,
889,TtPTIntbo,2008-07-21,3:47:27,.22,
890,TtPTIntbo,2008-07-21,3:47:27,.22,
891,TtPTIntbo,2008-07-21,3:47:27,.22,
892,TtPTIntbo,2008-07-21,3:47:27,.22,
893,TtPTIntbo,2008-07-21,3:47:27,.22,
894,TtPTIntbo,2008-07-21,3:47:27,.22,
895,TtPTIntbo,2008-07-21,3:47:27,.22,
896,TtPTIntbo,2008-07-21,3:47:27,.22,
897,TtPTIntbo,2008-07-21,3:47:27,.22,
898,TtPTIntbo,2008-07-21,3:47:27,.22,
899,TtPTIntbo,2008-07-21,3:47:27,.22,
900,TtPTIntbo,2008-07-21,3:47:27,.22,
901,TtPTIntbo,2008-07-21,3:47:27,.22,
902,TtPTIntbo,2008-07-21,3:47:27,.22,
903,TtPTIntbo,2008-07-21,3:47:27,.22,
904,TtPTIntbo,2008-07-21,3:47:27,.22,
905,TtPTIntbo,2008-07-21,3:47:27,.22,
906,TtPTIntbo,2008-07-21,3:47:27,.22,
907,TtPTIntbo,2008-07-21,3:47:27,.22,
908,TtPTIntbo,2008-07-21,3:47:27,.22,
909,TtPTIntbo,2008-07-21,3:47:27,.22,
910,TtPTIntbo,2008-07-21,3:47:27,.22,
911,TtPTIntbo,2008-07-21,3:47:27,.22,
912,TtPTIntbo,2008-07-21,3:47:27,.22,
913,TtPTIntbo,2008-07-21,3:47:27,.22,
914,TtPTIntbo,2008-07-21,3:47:27,.22,
915,TtPTIntbo,2008-07-21,3:47:27,.22,
916,TtPTIntbo,2008-07-21,3:47:27,.22,
917,TtPTIntbo,2008-07-21,3:47:27,.22,
918,TtPTIntbo,2008-07-21,3:47:27,.22,
919,TtPTIntbo,2008-07-21,3:47:27,.22,
920,TtPTIntbo,2008-07-21,3:47:27,.22,
921,TtPTIntbo,2008-07-21,3:47:27,.22,
922,TtPTIntbo,2008-07-21,3:47:27,.22,
923,TtPTIntbo,2008-07-21,3:47:27,.22,
924,TtPTIntbo,2008-07-21,3:47:27,.22,
925,TtPTIntbo,2008-07-21,3:47:27,.22,
926,TtPTIntbo,2008-07-21,3:47:27,.22,
927,TtPTIntbo,2008-07-21,3:47:27,.22,
928,TtPTIntbo,2008-07-21,3:47:27,.22,
929,TtPTIntbo,2008-07-21,3:47:27,.22,
930,TtPTIntbo,2008-07-21,3:47:27,.22,
931,TtPTIntbo,2008-07-21,3:47:27,.22,
932,TtPTIntbo,2008-07-21,3:47:27,.22,
933,TtPTIntbo,2008-07-21,3:47:27,.22,
934,TtPTIntbo,2008-07-21,3:47:27,.22,
935,TtPTIntbo,2008-07-21,3:47:27,.22,
936,TtPTIntbo,2008-07-21,3:47:27,.22,
937,TtPTIntbo,2008-07-21,3:47:27,.22,
938,TtPTIntbo,2008-07-21,3:47:27,.22,
939,TtPTIntbo,2008-07-21,3:47:27,.22,
940,TtPTIntbo,2008-07-21,3:47:27,.22,
941,TtPTIntbo,2008-07-21,3:47:27,.22,
942,TtPTIntbo,2008-07-21,3:47:27,.22,
943,TtPTIntbo,2008-07-21,3:47:27,.22,
944,TtPTIntbo,2008-07-21,3:47:27,.22,
945,TtPTIntbo,2008-07-21,3:47:27,.22,
946,TtPTIntbo,2008-07-21,3:47:27,.22,
947,TtPTIntbo,2008-07-21,3:47:27,.22,
948,TtPTIntbo,2008-07-21,3:47:27,.22,
949,TtPTIntbo,2008-07-21,3:47:27,.22,
950,TtPTIntbo,2008-07-21,3:47:27,.22,
951,TtPTIntbo,2008-07-21,3:47:27,.22,
952,UTuliwldo,2008-07-22,1:23:45,.55,お前もうやめたら？
953,a5oBQ6m10,2008-07-22,1:23:46,.32,カスカスカスカスカスカスカスカスカスカスカスカスカスカスカスカスカスカスカスカスカスカスカスカス
954,U6yF4gDNO,2008-07-22,1:23:47,.81,生きるな
955,uWiN8dhKo,2008-07-22,1:23:48,.23,ふざけんなよ
956,spz5wsXj0,2008-07-22,1:23:49,.82,許さないからな
957,zdYV8PZ9O,2008-07-22,1:23:50,.31,天国や地獄に行けると思うな
958,VQgNFCVb0,2008-07-22,1:23:51,.73,虫以下
959,lsRgUVPQQ,2008-07-22,1:23:52,.53,ストローで飲む時いつも噛んでるよな
960,rQ5jqnRvO,2008-07-22,1:23:53,.53,禿げとるやないかい！
961,bmjaCgwKQ,2008-07-22,1:23:54,.40,お兄ちゃんには夢がないよね
962,W2fuaFPWQ,2008-07-22,1:23:55,.88,ダボがよ
963,4xSrbLkwQ,2008-07-22,1:23:56,.43,ヴォ；え
964,Yy0SRWuso,2008-07-22,1:23:57,.21,荒らしやめろ
965,HQb6l2ccO,2008-07-22,1:23:58,.79,なんのために生きてんだお前？
966,S1DvXR9co,2008-07-22,1:23:59,.56,あああ
967,lLx7bUpbo,2008-07-22,1:24:00,.15,korosukorosukoruskorosukorosukorosukorosukorosukorosu
968,O2q7XWBpQ,2008-07-22,1:24:01,.91,裁きの日は近い
969,Bz0veRflO,2008-07-22,1:24:02,.82,朽ち果てろ
970,ZxmQOLkoo,2008-07-22,1:24:02,.83,イナゴ
971,TponRwdMo,2008-07-22,1:24:04,.68,身の程を知れ
972,Vj2dM4jwQ,2008-07-22,1:24:05,.82,きしょい
973,Y9Apc9erQ,2008-07-22,1:24:06,.44,死後裁きに合う
974,SI6MhqfiQ,2008-07-22,1:24:07,.44,空っぽ
975,XhOiyYowQ,2008-07-22,1:24:08,.25,お前が存在してきた理由がわからない
976,crUUcPtqQ,2008-07-22,1:24:09,.55,なにへらへら笑ってんだよ
977,AlfveMKEo,2008-07-22,1:24:09,.66,自分のこと可哀想って思えないのは惨め
978,XjLe8Sb6o,2008-07-22,1:24:09,.25,誰かの首をしめたい
979,WGB8ObwTo,2008-07-22,1:24:12,.12,korosukorosukoruskorosukorosukorosukorosukorosukorosu
980,rpom6On2o,2008-07-22,1:24:13,.34,あああああああああああああああああああああああああ
981,hA0YXbqC0,2008-07-22,1:24:14,.49,許さないからな
982,14Xbd87WQ,2008-07-22,1:24:15,.49,枯れとけさっさと
983,rJTHxnxXo,2008-07-22,1:24:16,.12,誰かの首をしめたい
984,IdknNbxDQ,2008-07-22,1:24:17,.29,クソが
985,q2bnmA2oo,2008-07-22,1:24:18,.83,お前もうやめたら？
986,dxTzte9AO,2008-07-22,1:24:19,.53,お前が社会でやっていけてるのだとすれば、B-29を竹槍で落とそうとするのも無駄ではないんだろうな
987,oRmTfXDLQ,2008-07-22,1:24:20,.15,誰か殴られてよ
988,K9AJGsRaO,2008-07-22,1:24:21,.18,あlfじゃれgsldんfsjんbfd。jlshじゃっds
989,RB6SICXuo,2008-07-22,1:24:22,.60,何も意外性がないよなお前
990,8WvefBjio,2008-07-22,1:24:23,.61,中肉中背
991,vAywPJkbQ,2008-07-22,1:24:24,.48,korosukorosukoruskorosukorosukorosukorosukorosukorosu
992,OsIWcqYNO,2008-07-22,1:24:25,.97,偏差値47
993,UpcNT6QnO,2008-07-22,1:24:26,.98,bvzd↑jがkbんfjdんfbzんdvNSDvg.lbzdfds
994,asHfOJx7O,2008-07-22,1:24:27,.85,SDNdgdf
995,1vyyfiGSQ,2008-07-22,1:24:28,.88,あああああ。」あっsdsdさっっっっっっっっっっさあああ
996,D5U2UqWNQ,2008-07-22,1:24:29,.49,しねいしねしんdしねしsね
997,GmedO5BZO,2008-07-22,1:24:30,.64,破魔矢刺され
998,cC2tcXUh0,2008-07-22,1:24:31,.61,想定の範疇
999,EDVgMIWyo,2008-07-22,1:24:32,.74,くたばれ
1000,IPhS1P0wQ,2008-07-22,1:24:35,.33,全部もう終わりだわ、ボケ、全員消えろ
1001,J55QAS1RO,2008-07-22,1:25:00,.33,"　　(ヽ_/)　　　　　このスレッドは１０００を超えたよ。
　　(,,・_･)　　　　　もう書けないから新しいスレッドを立てようね。
　　/っ日~―‐-.､
　 (´　　　　　　　 )　　　　　
　　[i＝=====＝i]　　　　　"